{
  "roc_auc": 0.9898533879776976,
  "avg_precision": 0.7151321388390145,
  "threshold": 0.5,
  "confusion_matrix": [
    [
      1209823,
      58447
    ],
    [
      176,
      4078
    ]
  ],
  "top_k_capture": {
    "0.001": {
      "k_flagged": 1272,
      "precision": 1.0,
      "recall": 0.29901269393511987
    },
    "0.005": {
      "k_flagged": 6362,
      "precision": 0.4740647595095882,
      "recall": 0.7089797837329572
    },
    "0.01": {
      "k_flagged": 12725,
      "precision": 0.2655402750491159,
      "recall": 0.7943112364833098
    },
    "0.02": {
      "k_flagged": 25450,
      "precision": 0.14455795677799607,
      "recall": 0.8648330982604607
    },
    "0.05": {
      "k_flagged": 63626,
      "precision": 0.06420331311099237,
      "recall": 0.9602726845322049
    }
  },
  "best_f1": {
    "threshold": 0.9876945112318739,
    "precision": 0.8507772020725388,
    "recall": 0.578984485190409,
    "f1": 0.6890474192189892
  }
}